[{"model": "goods.categories", "pk": 3, "fields": {"name": "Все товары", "slug": "all"}}, {"model": "goods.categories", "pk": 4, "fields": {"name": "Цветочные композиции", "slug": "cvetochnye-kompozicii"}}, {"model": "goods.categories", "pk": 5, "fields": {"name": "Специальные предложения", "slug": "specialnye-predlozheniya"}}, {"model": "goods.categories", "pk": 6, "fields": {"name": "Свадебные букеты", "slug": "svadebnye-bukety"}}, {"model": "goods.categories", "pk": 7, "fields": {"name": "Хиты продаж", "slug": "hity-prodazh"}}, {"model": "goods.categories", "pk": 8, "fields": {"name": "Цветы для Офиса", "slug": "cvety-dlya-ofisa"}}, {"model": "goods.categories", "pk": 9, "fields": {"name": "Дополнения к букету", "slug": "dopolneniya-k-buketu"}}]