[{"model": "goods.products", "pk": 1, "fields": {"name": "Корзина с цветами Кантата", "slug": "korzina-s-cvetami-kantata", "description": "Состав букета: Астильба 3 шт, Бруния 1 шт, Гиперикум 1 шт, Оазис 2 шт, Писташ 0,5 пуч, Эвкалипт 0,3 пуч, Эустома 3 шт, Роза (40 см)3 шт, Лимониум 1 шт, Корзина S1 шт, Роза кустовая3 шт.", "image": "goods_images/flor_кантата_PwZkj1M.jpg", "price": "8399.00", "discount": "8.00", "quantity": 7, "category": 4, "rating": 0}}, {"model": "goods.products", "pk": 2, "fields": {"name": "Корзина с цветами Барби", "slug": "korzina-s-cvetami-barbi", "description": "Состав букета: Статица 3 шт, Гвоздика 6 шт, Хамелациум 1 шт, Оазис 1 шт, Роза кустовая 3 шт, Роза (40 см) 9 шт, Корзина S1 шт, Рускус 7 шт.", "image": "goods_images/flor_Барби_MArsR3P.jpg", "price": "7499.00", "discount": "0.00", "quantity": 5, "category": 4, "rating": 0}}, {"model": "goods.products", "pk": 3, "fields": {"name": "Корзина из 25 роз", "slug": "korzina-iz-25-roz", "description": "Состав букета: Оазис 1 шт, Роза (50 см)25 шт, Питтоспорум 1 пуч, Корзина S1 шт.", "image": "goods_images/flor.25роз.jpg", "price": "7999.00", "discount": "15.00", "quantity": 4, "category": 4, "rating": 5}}, {"model": "goods.products", "pk": 4, "fields": {"name": "Букет из 101 розы Кения", "slug": "buket-iz-101-rozy-keniya", "description": "Роза Кения - 101 шт.", "image": "goods_images/flor_кения_qFt1NJU.jpg", "price": "6599.00", "discount": "0.00", "quantity": 6, "category": 5, "rating": 0}}, {"model": "goods.products", "pk": 5, "fields": {"name": "Букет Глянец", "slug": "buket-glyanec", "description": "Состав букета: Роза кустовая пионовидная 1 шт, Гвоздика 6 шт, Роза (40 см) 6 шт, Лимониум 1  шт, Роза кустовая 3 шт, Оформление 1 шт, Писташ 0,5 пуч.", "image": "goods_images/flor_глянец_gNhYgwM.jpg", "price": "4899.00", "discount": "5.00", "quantity": 4, "category": 5, "rating": 0}}, {"model": "goods.products", "pk": 6, "fields": {"name": "Букет Летний бриз", "slug": "buket-letnij-briz", "description": "Состав букета: Гвоздика 3 шт, Краспедия 3 шт, Роза кустовая 2 шт, Альстромерия 2 шт, Лимониум 1  шт, Эустома 2 шт, Питтоспорум 0,3 пуч, Оформление 1 шт.", "image": "goods_images/flor_летнии_бриз_1Wkz9AX.jpg", "price": "5599.00", "discount": "0.00", "quantity": 9, "category": 5, "rating": 0}}, {"model": "goods.products", "pk": 7, "fields": {"name": "Цветы в коробке Лира", "slug": "cvety-v-korobke-lira", "description": "Состав букета: Орхидея 13 шт, Эвкалипт 0,2 пуч, Оазис 1 шт, Роза (40 см)41 шт, Коробка шляпная L1 шт.", "image": "goods_images/flor_цветы_в_коробке_Лира_fUsxkk2.jpg", "price": "11990.00", "discount": "0.00", "quantity": 3, "category": 6, "rating": 0}}, {"model": "goods.products", "pk": 8, "fields": {"name": "Букет Сен-Мишель", "slug": "buket-sen-mishel", "description": "Состав букета: Орхидея 9 шт, Писташ 1 пуч, Оформление 1 шт.", "image": "goods_images/flor_сан_мишель_6I5dryU.jpg", "price": "6999.00", "discount": "5.00", "quantity": 5, "category": 6, "rating": 0}}, {"model": "goods.products", "pk": 9, "fields": {"name": "Букет Танец Страсти", "slug": "buket-tanec-strasti", "description": "Состав букета: Роза кустовая 5 шт, Леукадендрон 3 шт, Оформление 1 шт, Калла 5 шт, Роза (50 см)25 шт, Писташ 1 пуч, Гиперикум 2 шт, Лимониум 2 шт.", "image": "goods_images/flor_танец_страсти_uYJ53yf.jpg", "price": "11980.00", "discount": "15.00", "quantity": 5, "category": 6, "rating": 0}}, {"model": "goods.products", "pk": 10, "fields": {"name": "Букет Розовый туман", "slug": "buket-rozovyj-tuman", "description": "Состав букета: Орхидея 4 шт, Роза (40 см)6 шт, Гипсофила 2 шт, Лагурус 0,1 пуч, Оформление 1 шт, Роза кустовая пионовидная.", "image": "goods_images/flor_розовыи_туман_mFQFKLk.jpg", "price": "5599.00", "discount": "0.00", "quantity": 7, "category": 7, "rating": 0}}, {"model": "goods.products", "pk": 11, "fields": {"name": "Букет Мегополис", "slug": "buket-megopolis", "description": "Состав букета: Гвоздика 5 шт, Хризантема кустовая 2 шт, Хризантема сантини 3 шт, Питтоспорум 0,5 пуч, Оформление 1 шт.", "image": "goods_images/flor_мегополис_vCnOneP.jpg", "price": "4999.00", "discount": "0.00", "quantity": 9, "category": 7, "rating": 0}}, {"model": "goods.products", "pk": 12, "fields": {"name": "Букет На закате дня", "slug": "buket-na-zakate-dnya", "description": "Состав букета: Орхидея 9 шт, Гербера мини 9 шт, Гиперикум 7 шт, Альстромерия 9 шт, Роза (40 см)9 шт, Писташ 1 пуч.", "image": "goods_images/flor_на_закате_дня_pYnnqjv.jpg", "price": "11399.00", "discount": "20.00", "quantity": 8, "category": 7, "rating": 0}}, {"model": "goods.products", "pk": 13, "fields": {"name": "Агава Лупанта", "slug": "agava-lupanta", "description": "Офисное растение на стольное", "image": "goods_images/Агава_Лупанта_Q2OzEG3.jpg", "price": "4140.00", "discount": "5.00", "quantity": 4, "category": 8, "rating": 0}}, {"model": "goods.products", "pk": 14, "fields": {"name": "Гисофилы", "slug": "gisofily", "description": "Гипсофилы, цвет белый, 1 шт.", "image": "goods_images/Гипсофилыюjpg_pS790ve.jpg", "price": "470.00", "discount": "0.00", "quantity": 16, "category": 9, "rating": 0}}, {"model": "goods.products", "pk": 15, "fields": {"name": "Лимониум Синуатум Сильвери", "slug": "limonium-sinuatum-silveri", "description": "Лимониум Синуатум Сильвери, 70 см., 1 ветка.", "image": "goods_images/Лимониум_Синуатум_iNFlvx2.jpg", "price": "670.00", "discount": "2.00", "quantity": 12, "category": 9, "rating": 0}}, {"model": "goods.products", "pk": 16, "fields": {"name": "Знак внимания", "slug": "znak-vnimaniya", "description": "Цветовая гамма\r\nРозовый, Розовый, Белый\r\nСостав букета\r\nРазноцветные хризантемы, упаковка,лента\r\nДлина букета\r\n50 см, 60 см\r\nПовод\r\nДень рождения, Люблю, Извини, Корпоратив, Благодарность, Юбилей, Порадовать\r\nФорма сборки\r\nБукетом\r\nДиаметр букета\r\n25 см, 25 см, 35 см", "image": "goods_images/Знак_внимания.jpg", "price": "3250.00", "discount": "5.00", "quantity": 4, "category": 7, "rating": 0}}, {"model": "goods.products", "pk": 17, "fields": {"name": "Малиновый пломбир", "slug": "malinovyj-plombir", "description": "Цветовая гамма\r\nРозовый, Белый\r\nСостав букета\r\nСостав: кустовые розы, зелень, оазис, корзина\r\nПовод\r\nДень рождения, Порадовать, Свидание, Свидание, Юбилей\r\nФорма сборки\r\nВ корзине\r\nДиаметр букета\r\n25 см, 30 см, 35 см", "image": "goods_images/Малиновыи_пломбир.jpg", "price": "6450.00", "discount": "5.00", "quantity": 7, "category": 4, "rating": 0}}, {"model": "goods.products", "pk": 18, "fields": {"name": "51 красная белая и розовая роза", "slug": "51-krasnaya-belaya-i-rozovaya-roza", "description": "Цветовая гамма\r\nРозовый, Красный, Белый\r\nСостав букета\r\nРоза, лента\r\nПовод\r\nБлагодарность, День рождения, Знак внимания, Извини, Корпоратив, Люблю, Порадовать, Рождение ребенка, Свадьба, Свидание, Юбилей\r\nФорма сборки\r\nБукетом", "image": "goods_images/51_красная_белая_и_розовая_роза.jpg", "price": "15745.00", "discount": "5.00", "quantity": 5, "category": 6, "rating": 0}}, {"model": "goods.products", "pk": 19, "fields": {"name": "101 красная белая и розовая роза", "slug": "101-krasnaya-belaya-i-rozovaya-roza", "description": "Цветовая гамма\r\nРозовый, Белый\r\nДлина букета\r\n50 см, 60 см\r\nПовод\r\nЗнак внимания, Люблю, Извини, Свадьба, Юбилей\r\nФорма сборки\r\nБукетом\r\nДиаметр букета\r\n60 см", "image": "goods_images/101_красная_и_белая_роза.jpg", "price": "24056.00", "discount": "10.00", "quantity": 5, "category": 5, "rating": 0}}, {"model": "goods.products", "pk": 20, "fields": {"name": "Гармония", "slug": "garmoniya", "description": "Цветовая гамма\r\nФиолетовый\r\nСостав букета\r\nроза - 5 шт., гербера - 3 шт., эустома - 3 шт., кустовая хризантема - 5 шт., зелень, оазис, корзина\r\nПовод\r\nБлагодарность, День рождения, Знак внимания, Люблю, Порадовать\r\nФорма сборки\r\nВ корзине\r\nДиаметр букета\r\n25 см", "image": "goods_images/Гармония.jpg", "price": "5246.00", "discount": "0.00", "quantity": 2, "category": 4, "rating": 0}}, {"model": "goods.products", "pk": 21, "fields": {"name": "Корзина ярких мыслей", "slug": "korzina-yarkih-myslej", "description": "Цветовая гамма\r\nРозовый, Красный, Белый\r\nСостав букета\r\nКустовая роза, зелень, оазис, корзина\r\nПовод\r\nБлагодарность, День рождения, Знак внимания, Извини, Корпоратив, Порадовать, Юбилей\r\nФорма сборки\r\nВ корзине\r\nДиаметр букета\r\n20 см, 25 см, 30 см", "image": "goods_images/Корзина_ярких_мыслеи.jpg", "price": "7345.00", "discount": "0.00", "quantity": 6, "category": 7, "rating": 0}}, {"model": "goods.products", "pk": 22, "fields": {"name": "Фикус Микрокарпа", "slug": "fikus-mikrokarpa", "description": "Фикус Микрокарпа в кашпо с автополивом Lechuza Delta20, \r\nВысота растения, см: — 35\r\nДиаметр горшка, см: — 40\r\nЦвет — зеленый, Мокка", "image": "goods_images/Фикус_Микрокарпа.jpg", "price": "14990.00", "discount": "10.00", "quantity": 4, "category": 8, "rating": 0}}, {"model": "goods.products", "pk": 23, "fields": {"name": "Цикас в кашпо", "slug": "cikas-v-kashpo", "description": "Цикас в кашпо с автополивом Lechuza Quadro LS35,\r\nВысота растения, см: — 70\r\nДиаметр горшка, см: — 35\r\nЦвет — Красный", "image": "goods_images/Цикас.jpg", "price": "36990.00", "discount": "15.00", "quantity": 5, "category": 8, "rating": 0}}, {"model": "goods.products", "pk": 24, "fields": {"name": "Юкка разветвленная в кашпо", "slug": "yukka-razvetvlennaya-v-kashpo", "description": "Юкка разветвленная в кашпо с автополивом Lechuza Cubico Color30,\r\nВысота растения, см: — 120\r\nДиаметр горшка, см: - 30", "image": "goods_images/Юкка.jpg", "price": "36990.00", "discount": "10.00", "quantity": 4, "category": 8, "rating": 0}}, {"model": "goods.products", "pk": 25, "fields": {"name": "Букет 7 кустов \"Голландские хризантемы\"", "slug": "buket-7-kustov-gollandskie-hrizantemy", "description": "Букет 7 кустов \"Голландские хризантемы ассорти\"", "image": "goods_images/Голландские_хризантемы.jpg", "price": "1600.00", "discount": "35.00", "quantity": 9, "category": 9, "rating": 4}}]